{"file_hashes":[{"block_hashes":["/iq3nX3KAMWRCJc0eBVO8w97R1qZP6CdTEgl/ih0tB8=","CynrhcAVoQtXRZeVCmcn73NLcRLjbUQTYilyW1i4mUI="],"block_size":4096,"path":"images/browser-chrome.png"},{"block_hashes":["BjCLLbf0iNkweWHl9H2d9vdaFu87XaYeWaJfLw2OXnk="],"block_size":4096,"path":"images/browser-edge.png"},{"block_hashes":["gljza3IWVJ+RPr8tHK1Vg7JxmxI5XHWuPJlV9OXYU7o=","jEjLRUT/I5loEue6ZQH7QD6OrXDDcvXELRbWIqnZjbA="],"block_size":4096,"path":"images/browser-firefox.png"},{"block_hashes":["EX5XXoRQlNW0EPZONA2rnJb+tQ5TqglTYyJZSz3rxp0=","SJQ6LplrW3/qOXDHDsEIdxOlO9kDfl2KkLw4Flz+JaY="],"block_size":4096,"path":"images/browser-opera.png"},{"block_hashes":["UgjZ6ghOWhcsIO6SUO6k2MEen44wKTW0vq/ZgTVmG6c=","Mz5iM+UX9vQyLXs/N9ftYYPKdENOfRbs3f5Y0skn1A8=","KNUyaim3EbUGyQ9ZZpjpo3RgyVzM8kNiM6x1FaZuzCI=","ZT5HuJQDQeXsxDlfRflMz0cjTQCtC7EFPpbxFsHMEag="],"block_size":4096,"path":"images/icon_512.png"},{"block_hashes":["SlPN86Rs33X8qADqMxzAjGC5FL1SlaOvj2sW6Qr5Q+s=","HYxHOyEVS5vhY1e4ILlwzcUkBqVFlvad2rGewMqHJlQ="],"block_size":4096,"path":"images/icon_64.png"},{"block_hashes":["gfwYS+VS0jAKKCH7re4jYEqVQLVQkmmq77mP1JSF3uM=","hxqaOXdJUj4Jvy4orZpAWW0MM2t4/tYjKTN8FaY3SFQ=","vhEId3tCJNgLamWHd+5HoT41ck5iXAAOj2OXAP5QlCU=","RIT5mXptBpqrwmSD1d58VcL5TFI7piUghenZLKvs4E0=","2mI0yuqE0OYzl+a7AXlxDGXfqtV6TDk7AZgqiiANw+o=","m0lfo2i47v4uiZx+morVjvFKKK4HFCZhykJsBDyWBsc=","fOFmN0bJJBudS65BZMdTmIefoLvYGhtN3OTOfd56CtY=","NVb4AGRprKKxE35Owe8dJiBzWBHZaijeGjsJVDQnU/k=","XS7OfEc7RDGh+Cap0wCd0BCrNGQRahlvGQw2baMtzxs=","2x0OuviCv1yOVKHDfSYdq4FzIEJxB428wRXIss74BGA=","tj6N7T/32P2lir3+v6qPA7Qme5bTay7FTPktNuAuS2g=","rXWu82RzMSI2JnoZJhOxpXx7LuRpjZPd6IFhCTKO8RM=","z20RgK0JTQtpebu3XTJXY6vMh+M3bkwoG1vHkFkackY=","DSPsvjolg/JbWAvA7qaMW9GSvckMSes2LiwX95cJpfs=","Qzzuht4MGMgFLmciFK/5Sh9B+AnKEspCuao3UP/Rag4=","zebV6ZDi7Wk20S37Edzo2UZfdshOl+RMX1h3YKkrIYo=","BqDBPY6/aAotOGdhXBP8owAZqg2ydH7LZaKEZTorjUQ=","k7/rZXVTncwqYfxkHL5SjJUNT2lhdbEumkgxMhBpiXQ=","kvR2UOXfY4VKbk6suPvcXJhMNqWfPRvO65QVpU3Ndcg=","hCnjg0fBiCSJYLYnlYdyYiR04RoDQYDsqcljjMiqWMs=","W0T71UkctNzaRK3p1Xja5mdgQKacD/Sncgcvxyw04Yc=","kCbyh8AfLzK4SD6jjilGp66FCf2nFVCxEUnb2RiqOx8=","h+AAOwHJj/bOVj2RrRvLu/BvcVBWf/+lccG+khKtids=","U+4igGpIAaYNJWAECxeq8ed+iwpmVWc5d4E/kVoLejc=","6m94Vf1Q53/j0ZpZOQYZDGLPIlyb7cLDQpNCX7dj3nQ=","SVYJgqfzX55140Qd2khrvM36+B6FJ9w+y1kN81UgPlA=","WAJ4mfw9RsdtPhMwM2Oe8iuvCRVo9JGcF/HxEXsnO6o=","iBQbRw60R/ZkshskF9AmwCSEB+P0Vv1SgS+cJJ3pxM0=","b4bngVcJjkOriPZno1aptB9Rq2lq1AOQqkOaGu1piPo=","489QLmrihjkvoGnVu6Q8mfvL0ilGya4nTZNBYYEbIb0=","V72ynybmJ8dQuYKDUn7Y6/+qZ/OiC0fv0xMxV8mFZUw=","AtMANTGO+eoVZjJJ15ljcxzlCQ+LqiGfqg+QhvNOb6g=","UBBW8yRQ4N8HLUjA4u3vcatL3Ho8Z2zBXiUceN6R940=","05rM7X2yEXtT/LqK0RB8gD1okAURY8joptRLWm1aGxg=","bRWsqNYbvLJLtLNXuYEyg/h7e+KXESJv5Yim5WduMVA=","EjeB2ABx0rsWbdQR7b+OK3RZdFjggGTBnmX5GTUo7Sk=","ZFS1ESzXhP6Xxb7Wh4lw5V6mgxTx2By0i2OlX+rqm4c=","84ugaPehLzlrmZu298tLHkQNnZ/r8crtfejmQ8I04/0=","SgrAXCjWVmeMgRwNixzb9qEZoqR1/JAwdDVF3PpKe/8=","nKz+MWJ44fCUHNT9dycS7gxgYtouK/P4/IgAoj8zRXk=","vUAH73Z/2StKx0ynDJmKqG+9yZDollGVdjOM5EmzGqM=","JXzrAe8PxT5uA6ih3Z94O4K5B+cmY93TJgsRQi+LnQg=","QRdgpfMeYkYHBdud1z4vbnQ0G1stKp7OxTbTbn1Jpzc=","dYtwxsKljwJARQG1PWwp0wgTuFE66UNTNJVpiC7F/KY=","vJ1wJ5gc9+4GDo74+cDSnsZjl7hyI9/FAZzKES9hyFg=","nIyhTs3o5dZSGy0FfGfbKcXJyNdlSOErra+6pr1rz1A=","5bP0dr3BnlKuz3xZRNXueZp1ral4ckrpDp+0VxAuLxY=","QGiSNha3Alsj3ksyjpL2pys/FiK5IaUlLZoISi5+KLE=","ve5PNon+ny/SW0FN4Kn4fSqH+hOTTgeOB13CQ72Kon8=","yrxhBEFj2PgqCOuWXORcff3jRyvpEN21gxGPWl4amjU=","4kgw/n+cjPpeET5ZVckZ8U0wVyFIb5cz9eFgn9eTQ0g=","yvmJ3ojfLeI8jz9PN5pf6ixPEKfAwo5bfCE3HunAvyk=","no46dWanQ7HlKcjbSCPrA3tZH+ZtZLwIRVGovd0TNNM="],"block_size":4096,"path":"images/screenshot.png"},{"block_hashes":["0/7Gng9VuaEvu7DN20AeL277JuvEIGyJWoCYRUcER+Q="],"block_size":4096,"path":"options/options.css"},{"block_hashes":["rTc32udco4dQGQhXsEvqpTq6NydbiU7hYW2r9pKvHi8="],"block_size":4096,"path":"options/options.html"},{"block_hashes":["+HN4/DSzXYJUrIu8kivgrWdkLF6T2S3kZimPXbKhVWo=","GnGgFbksOCCmpMBoDXAoTWYItmKqEqb4iu2l+YVv3HA=","iz+0QZEMtmTD+MCqqllB+MjeR0ySxxULgwc6cFuCaEA=","BeEMmVd+GszTGkXvPL/lW5StOl2qDNAKZPxIks/j+Ww=","v9wyZQob+aZuT3IhYEyK+u0mfIJ4PeNlcDHp9NTXVaY=","BYm/GJzxUWjEC8VV+zBFE7YkX2RNCdSHdOycWu67qGI=","KyMSt6FvoczyCLDcTLDgA/JrY+1h5a7Wx02p99rMWgY=","Z9fNvIpRRTut6cNC7csVb+rAFBlYP2MKkDlTCz8/HgM=","CeNMv0wf2pSPLCt3U/MPxFsZf0RIHkHq5wphtzj1l2s=","5f0NY/vLDJlawmZQueNrZPFXKAoG8jbfVQRUz7Czeao=","HfTp/LPp5Rgi5b9u+E291rKVswkY71EYeVfMYQl7Zxk=","5pta3M1SgvzNb5yVjDJzXYfzE16o1gLw6g/WhT9qomI=","4MIvQD12WQijakA1ivwMRasM9dDhy2uC5BBWPCcrrHo=","gMfSrjJbtAuwgrpSsSCCeyk/5LWo5fZRDXLO9cWEfss=","EpAOLoQxs3xe3EM7ESDu7Ank1ou2Gk0A3MaQHxfd2Dk=","lOy25sy4kk7HRsXt8LeBKlRffgPVqXPQy/xhgPqgflo=","2F0WXZeFOBWz6oZswRf9bxqztyqJnC0nZlMD5t9avL0=","Ch9O8B7CZV2dhI+oR1D3W2GRXN0J7mL+O16qBvJ0MjU=","xIfZOdXZhYVONBeXzbGp5TyEMpE/PWKo7KuWY02HmO4=","Omcb/1H6I25lQS2E6FOkoMtsuEjHDAvh8yvuD/zG4fc=","uNTcmOYgsHUgYJmI+mjL2YKvKcez0ml+9xT2sP8hHL4=","YUdewhEPhoN4nvFyl2E2/FxFXkB1Un/Ydyy4zsqFRuI=","BFBg3L+VSyCCwkYeZZ7994o4y5R33FxK9jIpE9yf11s=","I5Zjhc/Pc9fb9NPNWYoZJeFfASgSZntkKRpMijmVpiU=","q1onO6BUTSxY+deqZpf6F9tFxpWzugaVTM+1YGBXdeM=","9gEenFHHkJgYMQOjsB9bSSCox0J5eHv74uvElYTH6M0=","k+AF6In9N/AV8z29cyeXiWUtG2v2z1d1zNtkebsVt2U=","Ew99GeQK3QMnNXpm3aNKHGtS7D/axf8Bh2YuURmiU3M=","A5OxdjeJDt4yx2YpeY5fHAyMNBDt8clqioF9ra35WT8=","xUnMxqBHU7vhZJGxNkT5ZjnE91l/etrOSNG1zq0OIQM=","jYxLZxMgg6QGOjGH25kuvL3VE83ZHfOb6bPMY/wHu/Q=","V81RYPIH3begxyDbJ7raPyD8s7fVtTqMD73dtXPkuQQ=","ByMXSzpywCdFrtKHO1S3jYPDTimmxT0J7b7ovwl7o2U=","Nqw4PS6mCa8Qq1j3XTkj7q95x6Hh+Q/fKuRMiqI+MXU=","vmcoBSQkHnWwDH/2j3+WS7h0S/hi5wOouFdIpVGHpRk=","VOg/xQCtFUicAxtkpvp8DvA96eCjy29s5La4bF2TN4Q=","X6x2Kw5OFuwW28WZGDQI9N/7Y8NIfZgi9pGgoUT8fCI=","15ZbLKcG9RiW8yOAvDewAicN3+MRIHglv+RcIM01M0Q=","az6yxIj4zM3Zao7rqtdfLrYEjUxadl1wZOVPeQPqZRA=","0lehERjLGRz6AmL8+hxSwVL4Fl9H3U93mKOofZu2BTY=","+C4PlBNTdcRoPKntKt7CrYqKAI983nZeVDdCWkwK7XA=","jgZ5XOI/gFOkx0PImBUST8Xey58wsEG3OB1FSDfBR8c=","FHCP5HXaxAbiK5eY19MEicxTrR+cSJzq/mpml9N44EM=","clM6dPuZ/W/GbwfD8xVQJwU6o9PhEhB3+2rnBuGmIKg=","/5UyKNBbNAATt8jEG9tZJGLdYUyOhm7HNJ6MFtx6tUs=","zeNzuavgBMobyTjZn6kUg5SOr9qqMWcCkbE1YpoAGO0=","feINtoyKzG37eU9Ao59kcSBCt34t8Z1EsGER3RK/TZ4=","yuAYRt7084YxU29gVgoP/090iixOXImekGEw+TDYpt4=","FctaLowkh5QcDqCfCa0ryLCbhwHu3YemTPhohMDqFT8=","kl5M1j2b4ZdoN4M2nc3IZ3EU1PefE6MyDam0Ewi4gNA=","CpRWxlshfBIqqIZRZ07P1JjJDSd1D/FQNEBMDvXm5gY=","vt62KtTt3jg7cohs6ZD/Y3IxjLNq7gBvIW2wDAT4oEM=","GWsaPiivePgU/hXyJEHbXYBRBpzGPw70dSIzWpdn15Y=","SmbDCfbUti2chKI85FGhVMYL55VeSgp5+aNtncdm5WM=","es+d0V7PxwjLfwgyoQDKRI0y8PmEX95JL2qJnkrF6pY=","NMWX4NT6CGbT8VPnD3wtNJyAzdYiP/rI1/3Qgda8GR8=","uF7wbt0RxV167JsXTMiZ9IjpNi/1L43vf/txo5s3qLY=","QRUmwjTw+H1MF0rY5j3Ud3z9imMwuy8LX7a+WtpC2Ew=","FOC+8a3e9bvDKCToScBlBhGWYwXeRlJVQnCFH4X64tc=","A6t3HEwhezNKGh/fPG/pPNzotNXSqVEIiNVKMfJs6fc=","1qFlx5xzvy0LOIGZYMncL49AZeFox+yuvmmJ84gf9S4=","Prg5cAkkMGoKF/UCbzjFdIswGTqsmej8BFWBMc/fCSs=","iQ+lWsn4uH+iPPSFbp1P5dq9koj3XlhvFlrdjUWvBP8=","PlI7gdsI8kDzQ9eCPxK6aQ8ScJtfgE5hPdF1C06j8GM=","+NElzdAPRvsfz5dyTWMaAjsBPLoDT6Bg4be0siPmiBE=","TSQ5GiFK4KcSboXVG15tdgh8fjRJswNoa5WpT/aDdPo=","LVFymOPGBx1xq9GVwWNKwhZQPdm3sVTr6etqe6r149Q=","hBQVRrUIMes9lErXuCLymC19WNfc2TF8f4UKkWWL1QU=","F6RGB8muTw/beia+Cin9f6FS0jIhlWSmuId6JbU/ROg=","5IXKbb8O98oanuK9E3nc+JHvN1ON08XEjnj/zJGcWtE=","qOg4NHvj9NwdpvoRZ/vKfZsTSeDJN9uWsMIC4JR3+ac=","nuB1S3JEvhsRalovXahSQmO/giEucEunZH62CToWk3M=","m+jSJ3DVqzwHu1DSC6QU565Mz3PNJunEY/nzg8EOKJI=","YVZl/7cfuM0/j9a8M9OqR3nrxO4fdhrCtgqnHTWx+Ck=","0PpKGMVvAhtgOuYOghXbc1xUbVE244v8r4LpKiNdw+Y=","NHNe2UUtZqmsBXxfYPsUMckkqqBjQ6YYuf/ODnLLqdU=","bY1rTI7cOrBa5/jAnzoiIvs4Wlwm+ffwZtEwz/XhOsQ=","JDTEaNARDJ8OC2Pf18v79usoVghF6ypiUIvZcdYbkX8=","K2helie2siwNrA+aHrMuO+jhsIaDlOHIHY4WXehGYyc=","SPCGZsG/3mlvnsn//GZe+I9tCilRIfpuqRBL0Lanu5Q=","o13UYbox8958WkTy8Hl+UbHBlphpxZJ6mVpVuqEVyUo=","lOUCR1lXnoITpllliFNFPm8mEqQ7ZlNVB+R6NS+dCt4=","15cenFbwgPnvh+qLB5vonGkIEk6kahDpNz3Q9Ru7NDk=","O3kHcEbhggVj2vUkO19+oSMuYfe6ZDSzWyLSKSBFes8=","FFBdQ061NGp97YBRou45ozHdy+MZy7h8cawsnA1+u9o=","6doVSOCPJ8O6ZTMAyFBsP7G/ZGzxtdM1ys1ssU8IJ3o=","1bCjT0ULBAgH6bH3XhIOL63D6c2w01PR+RTpFH/kIcU=","unKhx66F7F+5RMwP6Ccf86pbd9StHF738Zw18C3x+W4=","yHWmqt4S/MMzr+g/XdTcYvA1M2yA/LBcDejOlNhhMEE=","2PUzQiTLuUEjTDY+sA1zsYUAvw+xjL+AAcxutis3QME=","u4pno6OHvu/nfYjkOJDEAU+VjnY5nLbArhOPNib7rhQ=","5729rl6Cs5yymA8YRa0cVRPwDITqvA+szQvp3Udxg/Y=","eIzqS/4UCf9Kpzlw+NjRA6OhxuI13Neg8KgQtzo4r1M=","PGGoDBFJ86bjxVTNeXqRm3ljRulDASXo4Fpsmxj6R6A=","svRtITDpxzlMIladSLnO26juGLHBrz6p75llLLpVS3E=","n9Ji1RHRNHaY2iu3LNlHr4A/uv157OWOfcp0dj09ADA=","qkSt3OUGLjWf/SM8NBYYaI3OSXULhH4R3n7ZvxXHxwk=","WEaH6IsQbY4DP3gua85yW1/J5D9dzDDIY8AEZW95zJs=","bHg1KK5GsYVlH3WiFEMbIKJt3JdleC3eryMYsjGFQQ0=","Z+XobpGX6NE1pUHno0ZJ9KlEoGpFoe+NU8tHcZBNEQE=","RHdwldpRWADBW871LK4MAtJ0r/qoF4ggJnq3PQcSygE=","4YvwhvXi96UOGqvXYiIu9k4Re1CLeFsDE0pW0V0h/jA=","WKUFRRTPUF/Blc7rvpIDY4pfNgZYqWcIrPEu3Q4xRWQ=","QpHA2NIoqw4aiU3otQMEEYZeVL26kuYdQk5LrrBrQ58=","7trjLZ1YTQoOPPlo99L2w0Civ7sp+9gwyJzv7qZyYFw=","agzcFhDM58t400LxOps3nj1be6xt8c9jBpNOT0RdaXA=","PbSC5cCrCy0Tk4GVQQvrRr3lLXA/9OmHfBMietjkKT4=","KXNsexJ4WAGg9716ZTg99y88FTOvnl1CpHr5dBya0Qg=","EEzKpoW4sI4a0JTWlOMegz89KEjr1Y3Z0Ni+RBjTlXc=","FEZyLc8pZ6HOwvZuhn5qGC0EAzy6PyUKHXuPGF492QA=","+5K/r/eh1EZdI9Z/0oR0d8KYL8XyxHGQoZkww9Bt30Y=","vMEuVDi4AsQ1lOZ7phtM+5+Yr8oHjsD9frEiPgVXzJw=","725dfiluWjHXbD2zjfok3TZMPMlwNKEYtUE+nfFiptI=","gVOnCStYZy1ogEmkynJxRfXrUFS4cnfmByeM9PoGu/M=","84LuSMN698qEs3JSYp9KG/wrZhhFX0lKwXc3nv12KyM=","ywGXOT5H4RGt+Pbsu6XbiFHAjL+odyI1vOCQianBBF8=","OPl/bWlWdhdGQapGJ2WDOzsYe6DYLEQL1WDP2RRdd+I=","Q0Dq6nWuGQRJ4TbnD9Ua11SGaKxH728uFvav0E6FHKQ=","3qghtQGxidhx3MHuim5nxhb6uhp4C0TJ47yQ+toYuZ4=","cqG5ojRoKsPs2q0YHLGpdJg0/4I0VGZkmwjrfdZdQu8=","Xg4+etxcuDd5eZ1tCGvnFeqMUNMLRRdHODPkSLB15tI=","Tu0MjI0tiLVbmnTR7m4SRL5LWXVdke37SgTfxCbqVyI=","z/+9nOCk2cr3aaOltgZ9lXe0HH6V5IunnSHm5j4y2QM=","IL+WrAuelwp21D+VMpk2rWzMLD32IJoYPmS5MLydQaw=","gpAlnPi+RZ5s/zVQ8VnNkHpU+CQHVvV5zy7GWIqaMm8=","NYX1xF9O4rnjFalD0tlUCkI6Dris/16vLf2KoTa/m2s=","zz3naEA9/oTzXIx/0g7qspSs3WD/KfwK309RDnOB3Qk=","aV2Afd+oPdGshkN8kO8H8+pLOtoPvrjFDrB+vTcZpdo=","lyFXfWGwcQLepF/srcQMN2X+iGpre0p0nmMy8QOJt3M=","+4LVcWH7J458YILtuwexkSHxqQC/8NfngYsmgmI5GgI=","WqQkr/fxKUGlkEwQqoQw+AJnoyoRO933k0YWdp77K74=","ynfmn2ijlR5Z+RUbA1QjwfLSryY+8JG+pT/iHIQOexc=","coIrCjqWTrm6EB5Zy9tPJvs9d6ZG9tyRVcPceG7E5O8=","nlMPYJ3yMy0mhSSBzQTFUVwn9+oFDHHNd736WpCk64s=","rMuDHZ/Umk1mJF8aFfI1X3AOsvUEarw6TyH3yUIfV6Y=","yvb1ZaFExBF0E18oYeSa+niJey/1q8oRGs9/gXgvD+I=","3C4MVAOIfnb0WUaXFbZzQq+cH7Y8s6xeCdGmO1Vl/8s=","+iFjq+p9aNvXCVQTnZe81z7kxTgSLZqLegHwiUVfcj8=","aeodkMrxazoMT1EKq5tjlzrNB9hVcUXFtFe9+c5eBvk=","/VNrUCOKR7T9OVp+SsUDA1R0/NMTq54vV5z6fBMPMOs=","1PXqQ3Fjz7/KN6fO8mkiSXzkqUampfhyXytTKW5DvLY=","eH/aVlotfB+r6XdDVCb5QTZDB5B3EawsM/3t1r1spho=","QGiBoN3Y3j8yW61C1OZbXi5r6rrnFZEObZ2bnkVLXVQ=","343+ZXgL3AwD2bf+RxiRqFtc0mF9bFVcacNZcKSfF2A=","q/dtyUPLjE1tpzB89PV8iSKezW/s4lIYRl7QBJ+HoO8=","Edepi//0JUFwI2xSsKtUCt1uzxnrzt+0Pz1WfZeHhaw=","nPaxdf9cI2q3k6/Yj2riL8Vn9ydiwGq7axCtnBzb36E=","c2kr+WJ8eh6z/uQnFAhlrfzMhhGg8RfrYs4YFrFrE1I=","K18SbQOWwNkKU2FIqQttlulBh2HvGCTHUKrb+EkAtNY=","ewgoUZUe0JtvUuC2oIDB+CwzhYlAcPt91U+Wm4Zkuo4=","cK/v2ghsI9TFYOnkBIhDPHvSa5Dn7a/EcwwUH6vMkzM=","SLMezy40R7jpjpKlvAbYKlVN4+GHJFOL0+jeERFuFrU=","f+ivJNI1SE37Yg/SBxYihDj0gFwJFUACSlwbo8Nl5zI=","6dV/K7weuerqn9+IILVO/liCcgwDqXul50Qr43B7ulo=","lIMYx9nsGFP4WvJYFnOwB0d0rUoYR68JWqAcZE4dheE=","tksqrm2QQfaHUjlXpM9iPhFX8PsaZbGxb1bACbsRsxM=","T197b5hf3/1sPKSlAGVm1kZL4NBu6RdG6A8NRgDsZdk=","IKW9T/IvXfajv2QzNSEk4g9CEWnXS5eZYwYtCizksH0=","S7D0sXJ0th5xVpeeM4JiXMoQDh6uaZMV1hG0mupxyJI=","b53aVofKbmF9OJ1MEJv32rUAv2ictmLUIFkafccBhjg=","UPSjQBWzFHsDqg/0JQgm2EggP3VNngCNaw9cC4kmFmo=","+dJ+v2SjT5Ne+ec6y7ILa/e9CqEJ1l+MHaATySQzRvk=","v2FcGwqY1h1hZ+jmocT5eLKfSf+mv8Fq31MWKdPPyCc=","o9eJ86OPes68WbVpme1UR6iReLu0OVQgcrAa5tjZJi4=","gluyRHkWLc7UORt+ThgWlDZjxCGQGucKzq/mop2XBo8=","caCFeOhWuRsutCqHXMv92kkrl9kX9KN0bePYn4ZO6l0=","c5OoXhF+gJe1IQyjtrgtXPEzo7sTnRvEbtzh25fL+4M=","xHnqnUGGFKGoP5OMguB2rBZLB5eU9OFxEMZotWispZY=","C+2Isz5PF1/uKoeUhcQNz7c2UWj3gP/qTSq+WRVDYj4=","d2GDWPzxU+nuWh4LCKcBmjLloRvWoVT9Cg5enMoJxrc=","XwRVcp9S53NqzyRvGisFkbmMmkhyUwi557/PqvK5gyU=","wkpTCRd7o/qPojNfotwQ9o9KgYE+Z4N6AlJeHuxliD4=","SrEyzDqsm+p0NZKqDRPri7aJjNK08LwWEkcLgutI5R0=","xKLVJjZNHmwowNw74xU4DR0pdAY2ruMXfNAt/XScpuA=","7Y9ZrK/5FoWsAcRvYAVUq9auHehCWoPKWGDbyodyPUM=","kSiSiZ0yXjfhtWxjljNvpNV4xb29MmtXIw+X8nN9zKM=","ovamyZ9QjXh+3TkOojlhzNRQ1U5e1yBpy4/UI1n5YrE=","voh6pnV+4ReKn+glhui+9snsUH4oxjBKX5rGLCpz64I=","m8Gw8aSloFwJHnhOT9eVGi3PZ1HrJ3Lb0UEANg+yoI8=","0Q5LM/rzq5JDHOyTU9cBJ71WoibmRuo8fh5wcr6YBcw="],"block_size":4096,"path":"options/options.js"},{"block_hashes":["L5uHwnkAxD/WZE7haMpX+JDU26MiOvDQNksK4xO0TOk=","4PPpD3qEYSoM1Z7PsDD10X+uJGjuUZj8EJpEP2kfFaM=","qNFT9eftjVsTwkhWWUisEmaVEQtSm6pl1ICz59w7eyU=","jasC80VQdlV9FNCi3FUk1q/M1HraobGubfao24AR1oY=","yn80945u7qz2sGKV+CjonEzABPGp+XL1F1vlIQnMJ0k="],"block_size":4096,"path":"scripts/background.js"},{"block_hashes":["97M7TL1cmV0V6wWiiUjQznifQI9KpdlKnFYp7lGqkJk=","eZb54qOIZgmtOy9PpzqH8SskvigKU+9Gi5SphFuHcds=","QqBR/TJZC2A3+iZbcXhr5bkil5weQlPd3Fulh8srPzQ=","gsVRN0HxQZDcSKLUsiR5hOyTOVjJrjwDrzUT0T03Qrk=","Dqny4bJujTGk6WDlIhtQ8GDMyfjAMN7yqGV4IAXv3QA="],"block_size":4096,"path":"scripts/content.js"}],"version":2}